{"realErrors":[2.475182376015926,2.475182376015926,2.464852045529983,2.7210257468527583,2.330196362303232,2.3149307381392252,2.5745707352173155,2.690470605495616,2.398393696086232,2.3798114933019088,1.9829590815134628],"weights":[[[0.9706878298164849,-0.7041851779709332,-0.8326976324205415,-0.4537516920802347,-0.5782146285982892,0.6664275154795971],[-0.5670657331550983,-0.38774647063733614,0.6165353302733947,-0.6600709574266468,-0.6889841701946096,0.7178778465188991],[0.24081552642468096,0.04028813557249156,0.7451503589142654,-0.3908700878010012,-0.7280395398386452,0.5418061494699895],[0.6439596766544513,0.7952937622875664,-0.9697571231736148,0.12776930877788883,-0.4821102663069934,-0.44976913102372196],[0.4490675581383843,0.45603942162503674,0.40508336911504084,0.06586671360961804,-0.19453480580146643,-0.48694095119138137],[0.9261812422672331,0.6641700173519218,0.6543210131801802,0.34422551288074676,0.4260375545483761,0.4357583783754899],[0.9642319233210022,0.29456246343029724,0.6920403494627299,0.6994394193019555,-0.8597941287558544,0.17945864739753237],[0.7125461251751828,0.13367295980680627,0.05687268022424408,-0.9851557426435322,0.751125384770295,0.4768353786841577],[-0.1944542403448617,0.761977609694239,-0.5087122771085957,-0.22378480434119585,0.7721961781653213,-0.876846597193855],[0.5315267631831091,-0.3096980611685922,0.8911596715030159,0.329650256134022,-0.7553939930391784,0.1323545906858128],[0.38514159221467925,-0.7702439904190774,-0.4982877565624948,0.01138925811019198,-0.31498676001203973,-0.3260874529984257],[0.4076811353303429,0.7377955132962859,-0.32521993243043146,-0.5638636579964478,0.8632071238623813,0.5921366108644821],[-0.07662568023818417,0.04001118512417867,-0.2472056644918592,0.30243887301365135,0.9893398405235643,0.6653898237121105],[-0.8354896362678916,0.5266356933128069,-0.8958574823688419,0.8115395125438782,0.3595282346593458,-0.9634553703876461],[-0.7778052576328547,0.34211425031743903,-0.37930511898453667,0.7247961919491448,0.3385525433473504,-0.8151499841918564],[-0.4437518235683222,-0.03277230803721687,-0.4147966555524978,0.5569348106211864,-0.28853860475492166,-0.8780644070327466],[0.08610041360159393,0.7159276511754178,-0.28636773977543917,0.19596034497797166,-0.305571155355167,-0.9957702752317392],[-0.5915528843694902,0.7986710571875637,-0.5428267497593389,-0.08175839704981858,-0.6905449389408307,-0.8621966667057148],[0.7674496566669893,-0.6838951987256134,-0.3716792479943005,-0.31537326175517055,0.6810394986250301,0.44917755484072086],[-0.8612211638028848,-0.6834418321353686,-0.8698321365348332,0.06950531060679066,-0.7300774079834522,0.1985092367739425],[0.9210769800142131,0.543244618963663,-0.060944679062340024,-0.31768680117887227,-0.8637053572603102,-0.26948820113792404],[0.8374230716412709,-0.22577134972503932,0.9161537050274182,0.09557023875778858,-0.18235067308541342,-0.9189100406695963],[0.9028596038352796,0.9828040566177048,-0.9100753652301621,-0.6578980392362273,-0.7652278901142733,-0.20221644436942188],[0.6203144767153412,0.12447284313872542,-0.39176040376484145,0.9010212740376382,-0.30856733188291074,0.28176338085734987],[0.29211076704482664,0.7003472128951858,-0.6717985927781891,-0.11455037195368334,-0.4832528137547305,0.03300402433768723],[0.7191635319968397,0.034668657491176536,-0.7117440354213553,0.31739178976732174,-0.5351222172467964,-0.24724346354178728],[0.34672150322304596,-0.796302377042369,0.7039108809306835,0.9718503262174971,-0.8941989662340715,0.9777289598772887],[-0.3436097406898515,-0.5116962476789548,0.3862884260970536,-0.6905018195345869,0.9188743831258332,0.29953497774801474],[0.5720680347333238,0.38088361757769595,0.12627931153118976,-0.9466266182504377,0.30336296247970096,0.6362012334757654],[-0.1502914465212064,-0.3643124371448687,0.3823129319921703,-0.03680457370102119,0.5630517403667803,-0.037516102383974514],[-0.9592978583249612,0.6643770979534298,-0.7458498085615621,0.7923401645768282,-0.42897198451366236,0.9885515298801133],[0.7766397899944273,0.7632125310901581,-0.40465966357358063,-0.790524996031235,0.1504953966760234,0.21471109440194813],[0.4052984530751791,-0.5771619440176623,-0.4353107804526355,0.8632470426778531,0.6850398793121963,-0.6777417731318289],[-0.2447950785351265,0.618502869069703,-0.8016499717003565,-0.8206906285022062,-0.0031676305492189805,0.6079569663894901],[-0.6132959795772497,-0.6369828146796792,-0.4404579000114792,0.8948250905088697,-0.12386078089567398,-0.9527601432828181],[-0.8865993748466832,-0.7447003972675807,-0.9944823519206067,0.058352807351542246,-0.1767577521108683,-0.7283187086188068]],[[-0.009091179555938966,0.7129858335205821,-0.4533564838565165,0.5416808861087838,-0.3770734678583434,-0.40231364004565884],[0.6204466107379634,0.7979205464483128,0.13518154096262314,-0.897137963341117,-0.7662457287709081,0.29682232142316645],[-0.8412027904790447,0.5146119897403831,0.0060770066785058585,0.9825196642565561,0.8561882547820256,-0.6050064044386072],[0.13518989836243422,-0.4685842363936701,0.8621486989656852,0.6620447551259652,-0.5389137721602224,-0.2644111232352997],[-0.74457608453135,-0.7049320571538888,0.6802929919816327,0.2518608118857577,0.4275300480306832,-0.821958705615706],[0.9295337969142743,-0.6814758139239803,0.9742653590027734,-0.41097824435058206,0.6388930639995933,0.016510701554824037]],[[-0.010175754168556317,0.8861924637512912,0.71429022904852,-0.3737173083956866,-0.5651804298989247,-0.7123263709369463],[-0.772491028666727,-0.3054250895961559,-0.81733211808303,-0.7914586280963822,0.5269346992293114,0.5078044883193025],[0.4368023639342362,-0.27977987460094145,-0.2866990605446984,-0.5798891858346549,-0.9673419500781897,0.2718265745963855],[-0.9474979720453764,0.6941596076218741,-0.5887095171847272,-0.43279489797526627,-0.9895406062731493,-0.4701391071393368],[0.4235280242161137,-0.9107583525848331,0.41915281379881897,-0.06325186116617387,-0.1288202624850483,0.10551391380164632],[0.5617182115324251,0.5676766928104331,0.8556118506156805,0.9287710522609784,-0.3346038188794975,-0.05077040570444891]],[[0.4341104780028129,0.7743248306974431,-0.47433609986575553,-0.10561599764193952,-0.13714451966856478,-0.8385575939550614],[-0.0637726081719916,0.3883783705959938,0.9386477642655136,0.305128302971734,0.9883631444790717,-0.5320085540645392],[-0.6886223791022812,0.06754069177041933,0.4471368631783106,0.10804174013099743,-0.5822725852538435,-0.3512007406278814],[-0.6361661481444567,0.9947121164410297,0.8320488633991154,0.9707563091472486,-0.8760082665824533,-0.7563891144794179],[0.5204575210575701,0.21368887550232252,-0.8831401378768555,-0.7374385585172243,-0.9907396208626342,-0.9997651088236406],[-0.39798414937454796,-0.6368416961735315,0.8170747861723888,0.5022095196635188,-0.2772699361364577,0.8147948088574031]],[[0.3396146931784614,-0.20901039251148812,-0.7221572012193942,0.3408034468789032,-0.027964721661667635,-0.1897194436117391,0.04309919240059368,-0.4043264136270821,0.6535503606145352,-0.6449584657911684],[0.15790315960556667,0.6364999675094731,0.48441260016393173,-0.6026120370864876,-0.15822429987153774,0.3439040579668826,-0.15460621761795768,0.48081065562474934,-0.12785851809489213,-0.16442178942535457],[-0.7027077401129873,0.04511935292817704,0.09266111363000729,-0.20464180835385548,-0.7984519002688817,0.1829748213370923,-0.7530175892995696,-0.5164957288651322,-0.19648146113236664,-0.7465046234803967],[-0.16181662544267938,-0.12697997275537687,0.062125464618563164,0.4321616355399627,-0.01115644031180607,0.7599963375860519,0.620189565772924,-0.7792379854092262,-0.3766005646819919,-0.9543970728076692],[-0.3054791436535387,-0.18299114558883867,-0.8664543688280681,-0.7185274681143863,0.9409710461967298,-0.9144620171604245,0.1451226316346632,0.4369516230196222,0.7197838479416221,0.4841575702713279],[0.6194354315515966,0.2812292670318477,-0.9023929817543177,-0.3029835747849732,-0.6578304157920578,-0.5038376652730616,0.11703688525103306,-0.6619092903320536,-0.8226652155897556,0.004241125698978276]],[[],[],[],[],[],[],[],[],[],[]]]}